{"cameraMode":{"drawMode":0,"name":"Shaded","section":"Shading Mode"},"sceneLighting":true,"audioPlay":false,"sceneViewState":{"m_AlwaysRefresh":false,"showFog":true,"showSkybox":true,"showFlares":true,"showImageEffects":true,"showParticleSystems":true,"showVisualEffectGraphs":true,"m_FxEnabled":true},"in2DMode":false,"pivot":{"x":-1.9216691255569459,"y":7.061178207397461,"z":112.47266387939453},"rotation":{"x":-0.21014249324798585,"y":-0.028155101463198663,"z":0.006054308265447617,"w":-0.9772472381591797},"size":60.41448974609375,"orthographic":false}